status	note	paper_link	resolved_pdf	detail
UNRESOLVED	02 Research/Thesis Reading List — Self-Adaptors & Discourse-Planning Difficulty/A Multimodal Model for Predicting Feedback Position and Type During Conversation.md	https://www.sciencedirect.com/science/article/pii/S0167639324000384		No verified open PDF is currently available in the local library
UNRESOLVED	02 Research/Thesis Reading List — Self-Adaptors & Discourse-Planning Difficulty/A Simplest Systematics for the Organization of Turn-Taking for Conversation.md	https://www.jstor.org/stable/412243		No verified open PDF is currently available in the local library
UNRESOLVED	02 Research/Thesis Reading List — Self-Adaptors & Discourse-Planning Difficulty/Adaptors and the Turn-Taking Mechanism The Significance of Adaptors for Turn-Taking in Conversation.md	https://scholar.google.com/scholar?q=Adaptors+and+the+Turn-Taking+Mechanism+significance+of+adaptors+turn-taking+conversation+Zywiczynski+Wacewicz+2017		No verified open PDF is currently available in the local library
UNRESOLVED	02 Research/Thesis Reading List — Self-Adaptors & Discourse-Planning Difficulty/Analysis of Face-Touching Behavior in Large-Scale Social Interaction Dataset.md	https://doi.org/10.1145/3382507.3418876		No verified open PDF is currently available in the local library
UNRESOLVED	02 Research/Thesis Reading List — Self-Adaptors & Discourse-Planning Difficulty/Automatic Disfluency Detection From Untranscribed Speech.md	https://doi.org/10.1109/TASLP.2024.3485465		No verified open PDF is currently available in the local library
UNRESOLVED	02 Research/Thesis Reading List — Self-Adaptors & Discourse-Planning Difficulty/Automatic Quantification of Hand Gestures in Current and Remitted Major Depressive Disorder During Oral Expression.md	https://www.sciencedirect.com/science/article/abs/pii/S0165032725011267		No verified open PDF is currently available in the local library
UNRESOLVED	02 Research/Thesis Reading List — Self-Adaptors & Discourse-Planning Difficulty/CoAffinity A Multimodal Dataset for Cognitive Load and Affect Assessment in Remote Collaboration.md	https://ieeexplore.ieee.org/document/10970421/		No verified open PDF is currently available in the local library
UNRESOLVED	02 Research/Thesis Reading List — Self-Adaptors & Discourse-Planning Difficulty/Cross-Dataset Transfer Learning for Motor Imagery Signal Classification via Multi-Task Learning and Pre-Training.md	https://iopscience.iop.org/article/10.1088/1741-2552/acfe9c		No verified open PDF is currently available in the local library
UNRESOLVED	02 Research/Thesis Reading List — Self-Adaptors & Discourse-Planning Difficulty/Cross-Subject Cognitive Workload Recognition Based on EEG and Deep Domain Adaptation.md	https://ieeexplore.ieee.org/document/10163950/		No verified open PDF is currently available in the local library
UNRESOLVED	02 Research/Thesis Reading List — Self-Adaptors & Discourse-Planning Difficulty/Cross-Subject Mental Workload Recognition Using Bi-Classifier Domain Adversarial Learning.md	https://link.springer.com/article/10.1007/s11571-024-10215-9		No verified open PDF is currently available in the local library
UNRESOLVED	02 Research/Thesis Reading List — Self-Adaptors & Discourse-Planning Difficulty/Cross-Task Cognitive Workload Recognition Using a Dynamic Residual Network with Attention Mechanism Based on Neurophysiological Signals.md	https://doi.org/10.1016/j.cmpb.2023.107352		No verified open PDF is currently available in the local library
UNRESOLVED	02 Research/Thesis Reading List — Self-Adaptors & Discourse-Planning Difficulty/D2CAN Domain-Guided Contrastive Adversarial Network for EEG-Based Cross-Subject Cognitive Workload Decoding.md	https://link.springer.com/chapter/10.1007/978-981-96-4001-0_17		No verified open PDF is currently available in the local library
UNRESOLVED	02 Research/Thesis Reading List — Self-Adaptors & Discourse-Planning Difficulty/Egocentric Action Recognition by Capturing Hand-Object Contact and Object State.md	https://openaccess.thecvf.com/content/WACV2024/papers/Shiota_Egocentric_Action_Recognition_by_Capturing_Hand-Object_Contact_and_Object_State_WACV_2024_paper.pdf		No verified open PDF is currently available in the local library
UNRESOLVED	02 Research/Thesis Reading List — Self-Adaptors & Discourse-Planning Difficulty/FluencyBank Timestamped An Updated Data Set for Disfluency Detection and Automatic Intended Speech Recognition.md	https://doi.org/10.1044/2024_JSLHR-24-00070		No verified open PDF is currently available in the local library
UNRESOLVED	02 Research/Thesis Reading List — Self-Adaptors & Discourse-Planning Difficulty/Hierarchical Style-Aware Domain Generalization for Remote Physiological Measurement.md	https://ieeexplore.ieee.org/document/10371379/		No verified open PDF is currently available in the local library
UNRESOLVED	02 Research/Thesis Reading List — Self-Adaptors & Discourse-Planning Difficulty/Identifying Stable EEG Patterns Over Time for Mental Workload Recognition Using Transfer DS-CNN Framework.md	https://doi.org/10.1016/j.bspc.2023.105662		No verified open PDF is currently available in the local library
UNRESOLVED	02 Research/Thesis Reading List — Self-Adaptors & Discourse-Planning Difficulty/LGNet Learning Local-Global EEG Representations for Cognitive Workload Classification in Simulated Flights.md	https://doi.org/10.1016/j.bspc.2024.106046		No verified open PDF is currently available in the local library
UNRESOLVED	02 Research/Thesis Reading List — Self-Adaptors & Discourse-Planning Difficulty/Multi-Source Domain Generalization for ECG-Based Cognitive Load Estimation A Plug-in Method and Benchmark.md	https://ieeexplore.ieee.org/document/10447676/		No verified open PDF is currently available in the local library
UNRESOLVED	02 Research/Thesis Reading List — Self-Adaptors & Discourse-Planning Difficulty/Online Multimodal End-of-Turn Prediction for Three-party Conversations.md	https://dl.acm.org/doi/10.1145/3678957.3685742		No verified open PDF is currently available in the local library
UNRESOLVED	02 Research/Thesis Reading List — Self-Adaptors & Discourse-Planning Difficulty/Predictability of Understanding in Explanatory Interactions Based on Multimodal Cues.md	https://dl.acm.org/doi/10.1145/3678957.3685741		No verified open PDF is currently available in the local library
UNRESOLVED	02 Research/Thesis Reading List — Self-Adaptors & Discourse-Planning Difficulty/Predicting End-of-turn and Backchannel Based on Multimodal Voice Activity Prediction Model.md	https://doi.org/10.1145/3716553.3750781		No verified open PDF is currently available in the local library
UNRESOLVED	02 Research/Thesis Reading List — Self-Adaptors & Discourse-Planning Difficulty/Real-Time Driver Cognitive Workload Recognition Attention-Enabled Learning With Multimodal Information Fusion.md	https://ieeexplore.ieee.org/document/10163920/		No verified open PDF is currently available in the local library
UNRESOLVED	02 Research/Thesis Reading List — Self-Adaptors & Discourse-Planning Difficulty/Self-Touching as an Indicator of Underlying Affect and Language Processes.md	https://scholar.google.com/scholar?q=Self-Touching+as+an+Indicator+of+Underlying+Affect+and+Language+Processes+Harrigan+1985+Social+Science+Medicine		No verified open PDF is currently available in the local library
UNRESOLVED	02 Research/Thesis Reading List — Self-Adaptors & Discourse-Planning Difficulty/TED-Net Dispersal Attention for Perceiving Interaction Region in Indirectly-Contact HOI Detection.md	https://ieeexplore.ieee.org/document/10415065/		No verified open PDF is currently available in the local library
UNRESOLVED	02 Research/Thesis Reading List — Self-Adaptors & Discourse-Planning Difficulty/The AMI Meeting Corpus A Pre-announcement.md	https://groups.inf.ed.ac.uk/ami/corpus/		No verified open PDF is currently available in the local library
UNRESOLVED	02 Research/Thesis Reading List — Self-Adaptors & Discourse-Planning Difficulty/The CANDOR Corpus Insights from a Large Multimodal Dataset of Naturalistic Conversation.md	https://www.science.org/doi/10.1126/sciadv.adf3197		No verified open PDF is currently available in the local library
UNRESOLVED	02 Research/Thesis Reading List — Self-Adaptors & Discourse-Planning Difficulty/The NoXi Database Multimodal Recordings of Mediated Novice-Expert Interactions.md	https://doi.org/10.1145/3136755.3136780		No verified open PDF is currently available in the local library
UNRESOLVED	02 Research/Thesis Reading List — Self-Adaptors & Discourse-Planning Difficulty/The Repertoire of Nonverbal Behavior Categories, Origins, Usage, and Coding.md	https://doi.org/10.1515/semi.1969.1.1.49		No verified open PDF is currently available in the local library
UNRESOLVED	02 Research/Thesis Reading List — Self-Adaptors & Discourse-Planning Difficulty/Toward a Multimodal Approach for Disfluency Detection and Categorization.md	https://ieeexplore.ieee.org/document/10095629/		No verified open PDF is currently available in the local library
ZOTERO_OK	02 Research/Thesis Reading List — Self-Adaptors & Discourse-Planning Difficulty/3D Human Pose Estimation via Intuitive Physics (IPMAN).md	https://arxiv.org/abs/2303.18246		
ZOTERO_OK	02 Research/Thesis Reading List — Self-Adaptors & Discourse-Planning Difficulty/A Dataset of Relighted 3D Interacting Hands.md	https://arxiv.org/abs/2310.17768		
ZOTERO_OK	02 Research/Thesis Reading List — Self-Adaptors & Discourse-Planning Difficulty/ADABase A Multimodal Dataset for Cognitive Load Estimation.md	https://www.mdpi.com/1424-8220/23/1/340		
ZOTERO_OK	02 Research/Thesis Reading List — Self-Adaptors & Discourse-Planning Difficulty/ARCTIC A Dataset for Dexterous Bimanual Hand-Object Manipulation.md	https://openaccess.thecvf.com/content/CVPR2023/html/Fan_ARCTIC_A_Dataset_for_Dexterous_Bimanual_Hand-Object_Manipulation_CVPR_2023_paper.html		
ZOTERO_OK	02 Research/Thesis Reading List — Self-Adaptors & Discourse-Planning Difficulty/AVCAffe A Large Scale Audio-Visual Dataset of Cognitive Load and Affect for Remote Work.md	https://arxiv.org/abs/2205.06887		
ZOTERO_OK	02 Research/Thesis Reading List — Self-Adaptors & Discourse-Planning Difficulty/Accurate 3D Body Shape Regression using Metric and Semantic Attributes (SHAPY).md	https://arxiv.org/abs/2206.07036		
ZOTERO_OK	02 Research/Thesis Reading List — Self-Adaptors & Discourse-Planning Difficulty/ActionFormer Localizing Moments of Actions with Transformers.md	https://www.ecva.net/papers/eccv_2022/papers_ECCV/papers/136640485.pdf		
ZOTERO_OK	02 Research/Thesis Reading List — Self-Adaptors & Discourse-Planning Difficulty/Adaptive Multimodal Learning for Driver Cognitive State Monitoring Using Transformer-Based Fusion With Personalized Meta-Learning and Federated Optimization.md	https://www.nature.com/articles/s41598-026-51635-3		
ZOTERO_OK	02 Research/Thesis Reading List — Self-Adaptors & Discourse-Planning Difficulty/AiOS All-in-One-Stage Expressive Human Pose and Shape Estimation.md	https://arxiv.org/abs/2403.17934		
ZOTERO_OK	02 Research/Thesis Reading List — Self-Adaptors & Discourse-Planning Difficulty/Augmenting Automatic Speech Recognition Models with Disfluency Detection.md	https://arxiv.org/abs/2409.10177		
ZOTERO_OK	02 Research/Thesis Reading List — Self-Adaptors & Discourse-Planning Difficulty/Auto-AVSR Audio-Visual Speech Recognition with Automatic Labels.md	https://arxiv.org/abs/2303.14307		
ZOTERO_OK	02 Research/Thesis Reading List — Self-Adaptors & Discourse-Planning Difficulty/Automatic Analysis of Naturalistic Hand-Over-Face Gestures.md	https://doi.org/10.1145/2946796		
ZOTERO_OK	02 Research/Thesis Reading List — Self-Adaptors & Discourse-Planning Difficulty/Benchmarks and Challenges in Pose Estimation for Egocentric Hand Interactions with Objects.md	https://arxiv.org/abs/2403.16428		
ZOTERO_OK	02 Research/Thesis Reading List — Self-Adaptors & Discourse-Planning Difficulty/Beyond Generalization A Theory of Robustness in Machine Learning.md	https://doi.org/10.1007/s11229-023-04334-9		
ZOTERO_OK	02 Research/Thesis Reading List — Self-Adaptors & Discourse-Planning Difficulty/Bringing Inputs to Shared Domains for 3D Interacting Hands Recovery in the Wild (InterWild).md	https://arxiv.org/abs/2303.13652		
ZOTERO_OK	02 Research/Thesis Reading List — Self-Adaptors & Discourse-Planning Difficulty/CHOIR Contact-Aware 4D Hand-Object Interaction Reconstruction.md	https://arxiv.org/abs/2605.20992		
ZOTERO_OK	02 Research/Thesis Reading List — Self-Adaptors & Discourse-Planning Difficulty/CLARE Cognitive Load Assessment in REaltime with Multimodal Data.md	https://arxiv.org/abs/2404.17098		
ZOTERO_OK	02 Research/Thesis Reading List — Self-Adaptors & Discourse-Planning Difficulty/CameraHMR Aligning People with Perspective.md	https://arxiv.org/abs/2411.08128		
ZOTERO_OK	02 Research/Thesis Reading List — Self-Adaptors & Discourse-Planning Difficulty/Capturing Head Avatar with Hand Contacts from a Monocular Video.md	https://arxiv.org/abs/2510.17181		
ZOTERO_OK	02 Research/Thesis Reading List — Self-Adaptors & Discourse-Planning Difficulty/CogMamba Multi-Task Driver Cognitive Load and Physiological Non-Contact Estimation with Multimodal Facial Features.md	https://www.ncbi.nlm.nih.gov/pmc/articles/PMC12473509/		
ZOTERO_OK	02 Research/Thesis Reading List — Self-Adaptors & Discourse-Planning Difficulty/Cognitive and Emotional Regulation Processes of Spontaneous Facial Self-Touch Are Activated in the First Milliseconds of Touch.md	https://doi.org/10.3758/s13415-022-00983-4		
ZOTERO_OK	02 Research/Thesis Reading List — Self-Adaptors & Discourse-Planning Difficulty/Cognitive-Causal Multi-Task Learning with Psychological State Conditioning for Assistive Driving Perception.md	https://arxiv.org/abs/2604.07651		
ZOTERO_OK	02 Research/Thesis Reading List — Self-Adaptors & Discourse-Planning Difficulty/Contact-Aware Refinement of Human Pose Pseudo-Ground Truth via Bioimpedance Sensing.md	https://openaccess.thecvf.com/content/ICCV2025/html/Forte_Contact-Aware_Refinement_of_Human_Pose_Pseudo-Ground_Truth_via_Bioimpedance_Sensing_ICCV_2025_paper.html		
ZOTERO_OK	02 Research/Thesis Reading List — Self-Adaptors & Discourse-Planning Difficulty/Context-Aware Personality Inference in Dyadic Scenarios Introducing the UDIVA Dataset.md	https://arxiv.org/abs/2012.14259		
ZOTERO_OK	02 Research/Thesis Reading List — Self-Adaptors & Discourse-Planning Difficulty/Contrastive Learning of Shared Spatiotemporal EEG Representations Across Individuals for Naturalistic Neuroscience.md	https://arxiv.org/abs/2402.14213		
ZOTERO_OK	02 Research/Thesis Reading List — Self-Adaptors & Discourse-Planning Difficulty/D-Touch Recognizing and Predicting Fine-grained Hand-face Touching Activities Using a Neck-mounted Wearable.md	https://doi.org/10.1145/3581641.3584063		
ZOTERO_OK	02 Research/Thesis Reading List — Self-Adaptors & Discourse-Planning Difficulty/DECO Dense Estimation of 3D Human-Scene Contact In The Wild.md	https://arxiv.org/abs/2309.15273		
ZOTERO_OK	02 Research/Thesis Reading List — Self-Adaptors & Discourse-Planning Difficulty/DF-Mamba Deformable State Space Modeling for 3D Hand Pose Estimation in Interactions.md	https://arxiv.org/abs/2512.02727		
ZOTERO_OK	02 Research/Thesis Reading List — Self-Adaptors & Discourse-Planning Difficulty/DICE End-to-end Deformation Capture of Hand-Face Interactions from a Single Image.md	https://arxiv.org/abs/2406.17988		
ZOTERO_OK	02 Research/Thesis Reading List — Self-Adaptors & Discourse-Planning Difficulty/DPMesh Exploiting Diffusion Prior for Occluded Human Mesh Recovery.md	https://openaccess.thecvf.com/content/CVPR2024/html/Zhu_DPMesh_Exploiting_Diffusion_Prior_for_Occluded_Human_Mesh_Recovery_CVPR_2024_paper.html		
ZOTERO_OK	02 Research/Thesis Reading List — Self-Adaptors & Discourse-Planning Difficulty/Decaf Monocular Deformation Capture for Face and Hand Interactions.md	https://arxiv.org/abs/2309.16670		
ZOTERO_OK	02 Research/Thesis Reading List — Self-Adaptors & Discourse-Planning Difficulty/Design and Evaluation of the Corpus of Everyday Japanese Conversation (CEJC).md	https://aclanthology.org/2022.lrec-1.599/		
ZOTERO_OK	02 Research/Thesis Reading List — Self-Adaptors & Discourse-Planning Difficulty/Detecting Human-Object Contact in Images.md	https://hot.is.tue.mpg.de/		
ZOTERO_OK	02 Research/Thesis Reading List — Self-Adaptors & Discourse-Planning Difficulty/Dialogue Act-Aided Backchannel Prediction Using Multi-Task Learning.md	https://aclanthology.org/2023.findings-emnlp.1006/		
ZOTERO_OK	02 Research/Thesis Reading List — Self-Adaptors & Discourse-Planning Difficulty/Domain Generalization Through Audio-Visual Relative Norm Alignment in First Person Action Recognition (RNA-Net).md	https://arxiv.org/abs/2110.10101		
ZOTERO_OK	02 Research/Thesis Reading List — Self-Adaptors & Discourse-Planning Difficulty/EasyCom An Augmented Reality Dataset to Support Algorithms for Easy Communication in Noisy Environments.md	https://arxiv.org/abs/2107.04174		
ZOTERO_OK	02 Research/Thesis Reading List — Self-Adaptors & Discourse-Planning Difficulty/Efficient Mixture-of-Expert for Video-based Driver State and Physiological Multi-task Estimation in Conditional Autonomous Driving (VDMoE).md	https://arxiv.org/abs/2410.21086		
ZOTERO_OK	02 Research/Thesis Reading List — Self-Adaptors & Discourse-Planning Difficulty/EgoTouch On-Body Touch Input Using AR-VR Headset Cameras.md	https://arxiv.org/abs/2509.01786		
ZOTERO_OK	02 Research/Thesis Reading List — Self-Adaptors & Discourse-Planning Difficulty/End-to-End Spatio-Temporal Action Localisation with Video Transformers.md	https://openaccess.thecvf.com/content/CVPR2024/html/Gritsenko_End-to-End_Spatio-Temporal_Action_Localisation_with_Video_Transformers_CVPR_2024_paper.html		
ZOTERO_OK	02 Research/Thesis Reading List — Self-Adaptors & Discourse-Planning Difficulty/Enhancing Hands in 3D Whole-Body Pose Estimation with Conditional Hands Modulator.md	https://openaccess.thecvf.com/content/CVPR2026/html/Moon_Enhancing_Hands_in_3D_Whole-Body_Pose_Estimation_with_Conditional_Hands_CVPR_2026_paper.html		
ZOTERO_OK	02 Research/Thesis Reading List — Self-Adaptors & Discourse-Planning Difficulty/Evaluating the Robustness of Multimodal Task Load Estimation Models.md	https://www.frontiersin.org/journals/computer-science/articles/10.3389/fcomp.2024.1371181/full		
ZOTERO_OK	02 Research/Thesis Reading List — Self-Adaptors & Discourse-Planning Difficulty/EveLoad Cognitive Workload Recognition from Event-Based Eye Movements.md	https://arxiv.org/abs/2606.25177		
ZOTERO_OK	02 Research/Thesis Reading List — Self-Adaptors & Discourse-Planning Difficulty/FaceTouch Detecting Hand-to-Face Touch with Supervised Contrastive Learning to Assist in Tracing Infectious Disease.md	https://scholar.google.com/scholar?q=FaceTouch+detecting+hand-to-face+touch+supervised+contrastive+learning+tracing+infectious+disease+Ibrahim+Lyons+PLOS+ONE+2024		
ZOTERO_OK	02 Research/Thesis Reading List — Self-Adaptors & Discourse-Planning Difficulty/From User Perceptions to Technical Improvement Enabling People Who Stutter to Better Use Speech Recognition.md	https://arxiv.org/abs/2302.09044		
ZOTERO_OK	02 Research/Thesis Reading List — Self-Adaptors & Discourse-Planning Difficulty/Full-Duplex-Bench A Benchmark to Evaluate Full-Duplex Spoken Dialogue Models on Turn-Taking Capabilities.md	https://arxiv.org/abs/2503.04721		
ZOTERO_OK	02 Research/Thesis Reading List — Self-Adaptors & Discourse-Planning Difficulty/Gaze-Enhanced Multimodal Turn-Taking Prediction in Triadic Conversations.md	https://arxiv.org/abs/2505.13688		
ZOTERO_OK	02 Research/Thesis Reading List — Self-Adaptors & Discourse-Planning Difficulty/Generative Modeling of Shape-Dependent Self-Contact Human Poses.md	https://arxiv.org/abs/2509.23393		
ZOTERO_OK	02 Research/Thesis Reading List — Self-Adaptors & Discourse-Planning Difficulty/Generative Proxemics A Prior for 3D Social Interaction from Images (BUDDI).md	https://arxiv.org/abs/2306.09337		
ZOTERO_OK	02 Research/Thesis Reading List — Self-Adaptors & Discourse-Planning Difficulty/Graph Modelling Analysis of Speech-Gesture Interaction for Aphasia Severity Estimation.md	https://arxiv.org/abs/2602.20163		
ZOTERO_OK	02 Research/Thesis Reading List — Self-Adaptors & Discourse-Planning Difficulty/Hand2Face Automatic Synthesis and Recognition of Hand Over Face Occlusions.md	https://scholar.google.com/scholar?q=Hand2Face+Automatic+Synthesis+and+Recognition+of+Hand+Over+Face+Occlusions+Nojavanasghari+ACII+2017		
ZOTERO_OK	02 Research/Thesis Reading List — Self-Adaptors & Discourse-Planning Difficulty/HybrIK-X Hybrid Analytical-Neural Inverse Kinematics for Whole-Body Mesh Recovery.md	https://arxiv.org/abs/2304.05690		
ZOTERO_OK	02 Research/Thesis Reading List — Self-Adaptors & Discourse-Planning Difficulty/In Search of Lost Domain Generalization (DomainBed).md	https://arxiv.org/abs/2007.01434		
ZOTERO_OK	02 Research/Thesis Reading List — Self-Adaptors & Discourse-Planning Difficulty/Incorporating Gesture and Gaze into Multimodal Models of Human-Computer Interaction.md	https://scholar.google.com/scholar?q=Incorporating+Gesture+and+Gaze+into+Multimodal+Models+of+Human-Computer+Interaction+Chen+Rose+NAACL+2006		
ZOTERO_OK	02 Research/Thesis Reading List — Self-Adaptors & Discourse-Planning Difficulty/InterAct A Large-Scale Dataset of Dynamic, Expressive and Interactive Activities between Two People in Daily Scenarios.md	https://arxiv.org/abs/2509.05747		
ZOTERO_OK	02 Research/Thesis Reading List — Self-Adaptors & Discourse-Planning Difficulty/InteractAvatar Modeling Hand-Face Interaction in Photorealistic Avatars with Deformable Gaussians.md	https://arxiv.org/abs/2504.07949		
ZOTERO_OK	02 Research/Thesis Reading List — Self-Adaptors & Discourse-Planning Difficulty/Is Large-Scale Pretraining the Secret to Good Domain Generalization.md	https://arxiv.org/abs/2412.02856		
ZOTERO_OK	02 Research/Thesis Reading List — Self-Adaptors & Discourse-Planning Difficulty/Joint Learning of Context and Feedback Embeddings in Spoken Dialogue.md	https://arxiv.org/abs/2406.07291		
ZOTERO_OK	02 Research/Thesis Reading List — Self-Adaptors & Discourse-Planning Difficulty/KITRO Refining Human Mesh by 2D Clues and Kinematic-tree Rotation.md	https://arxiv.org/abs/2405.19833		
ZOTERO_OK	02 Research/Thesis Reading List — Self-Adaptors & Discourse-Planning Difficulty/Large Language Models for Dysfluency Detection in Stuttered Speech.md	https://arxiv.org/abs/2406.11025		
ZOTERO_OK	02 Research/Thesis Reading List — Self-Adaptors & Discourse-Planning Difficulty/Learning Co-Speech Gesture for Multimodal Aphasia Type Detection.md	https://arxiv.org/abs/2310.11710		
ZOTERO_OK	02 Research/Thesis Reading List — Self-Adaptors & Discourse-Planning Difficulty/Learning a Contact Potential Field for Modeling the Hand-Object Interaction.md	https://doi.org/10.1109/TPAMI.2024.3372102		
ZOTERO_OK	02 Research/Thesis Reading List — Self-Adaptors & Discourse-Planning Difficulty/Leveraging Speech for Gesture Detection in Multimodal Communication.md	https://arxiv.org/abs/2404.14952		
ZOTERO_OK	02 Research/Thesis Reading List — Self-Adaptors & Discourse-Planning Difficulty/Looking At The Body Automatic Analysis of Body Gestures and Self-Adaptors in Psychological Distress.md	https://arxiv.org/abs/2007.15815		
ZOTERO_OK	02 Research/Thesis Reading List — Self-Adaptors & Discourse-Planning Difficulty/Lost in Transcription Identifying and Quantifying the Accuracy Biases of Automatic Speech Recognition Systems Against Disfluent Speech.md	https://arxiv.org/abs/2405.06150		
ZOTERO_OK	02 Research/Thesis Reading List — Self-Adaptors & Discourse-Planning Difficulty/MMTL-UniAD A Unified Framework for Multimodal and Multi-Task Learning in Assistive Driving Perception.md	https://arxiv.org/abs/2504.02264		
ZOTERO_OK	02 Research/Thesis Reading List — Self-Adaptors & Discourse-Planning Difficulty/MOCAS A Multimodal Dataset for Objective Cognitive Workload Assessment on Simultaneous Tasks.md	https://arxiv.org/abs/2210.03065		
ZOTERO_OK	02 Research/Thesis Reading List — Self-Adaptors & Discourse-Planning Difficulty/Mamba Linear-Time Sequence Modeling with Selective State Spaces.md	https://arxiv.org/abs/2312.00752		
ZOTERO_OK	02 Research/Thesis Reading List — Self-Adaptors & Discourse-Planning Difficulty/MambaTAD When State-Space Models Meet Long-Range Temporal Action Detection.md	https://arxiv.org/abs/2511.17929		
ZOTERO_OK	02 Research/Thesis Reading List — Self-Adaptors & Discourse-Planning Difficulty/MambaVision A Hybrid Mamba-Transformer Vision Backbone.md	https://arxiv.org/abs/2407.08083		
ZOTERO_OK	02 Research/Thesis Reading List — Self-Adaptors & Discourse-Planning Difficulty/Missingness-resilient Video-enhanced Multimodal Disfluency Detection.md	https://arxiv.org/abs/2406.06964		
ZOTERO_OK	02 Research/Thesis Reading List — Self-Adaptors & Discourse-Planning Difficulty/Multi-HMR Multi-Person Whole-Body Human Mesh Recovery in a Single Shot.md	https://arxiv.org/abs/2402.14654		
ZOTERO_OK	02 Research/Thesis Reading List — Self-Adaptors & Discourse-Planning Difficulty/MultiMediate '23 Engagement Estimation and Bodily Behaviour Recognition in Social Interactions.md	https://arxiv.org/abs/2308.08256		
ZOTERO_OK	02 Research/Thesis Reading List — Self-Adaptors & Discourse-Planning Difficulty/Multilingual Turn-taking Prediction Using Voice Activity Projection.md	https://arxiv.org/abs/2403.06487		
ZOTERO_OK	02 Research/Thesis Reading List — Self-Adaptors & Discourse-Planning Difficulty/Multimodal Brain-Computer Interface for In-Vehicle Driver Cognitive Load Measurement Dataset and Baselines.md	https://arxiv.org/abs/2304.04273		
ZOTERO_OK	02 Research/Thesis Reading List — Self-Adaptors & Discourse-Planning Difficulty/Multimodal Disfluency Detection via Acoustic-Text Fusion Comparing Intended and Verbatim ASR Transcripts.md	https://www.isca-archive.org/diss_2025/ferreira25_diss.pdf		
ZOTERO_OK	02 Research/Thesis Reading List — Self-Adaptors & Discourse-Planning Difficulty/Multimodal Machine Learning Can Predict Videoconference Fluidity and Enjoyment.md	https://arxiv.org/abs/2501.03190		
ZOTERO_OK	02 Research/Thesis Reading List — Self-Adaptors & Discourse-Planning Difficulty/Multimodal Turn-Taking Model Using Visual Cues for End-of-Utterance Prediction in Spoken Dialogue Systems.md	https://www.isca-archive.org/interspeech_2023/kurata23_interspeech.html		
ZOTERO_OK	02 Research/Thesis Reading List — Self-Adaptors & Discourse-Planning Difficulty/NL2Contact Natural Language Guided 3D Hand-Object Contact Modeling with Diffusion Model.md	https://arxiv.org/abs/2407.12727		
ZOTERO_OK	02 Research/Thesis Reading List — Self-Adaptors & Discourse-Planning Difficulty/Neural Localizer Fields for Continuous 3D Human Pose and Shape Estimation.md	https://arxiv.org/abs/2407.07532		
ZOTERO_OK	02 Research/Thesis Reading List — Self-Adaptors & Discourse-Planning Difficulty/Neuron Structure Modeling for Generalizable Remote Physiological Measurement.md	https://arxiv.org/abs/2303.05955		
ZOTERO_OK	02 Research/Thesis Reading List — Self-Adaptors & Discourse-Planning Difficulty/On Self-Contact and Human Pose (TUCH).md	https://arxiv.org/abs/2104.03176		
ZOTERO_OK	02 Research/Thesis Reading List — Self-Adaptors & Discourse-Planning Difficulty/OnlineHMR Video-based Online World-Grounded Human Mesh Recovery.md	https://openaccess.thecvf.com/content/CVPR2026/html/Zhao_OnlineHMR_Video-based_Online_World-Grounded_Human_Mesh_Recovery_CVPR_2026_paper.html		
ZOTERO_OK	02 Research/Thesis Reading List — Self-Adaptors & Discourse-Planning Difficulty/Pardon My Disfluency The Impact of Disfluency Effects on the Perception of Speaker Competence and Confidence.md	https://www.isca-archive.org/interspeech_2023/kirkland23_interspeech.html		
ZOTERO_OK	02 Research/Thesis Reading List — Self-Adaptors & Discourse-Planning Difficulty/Precision-Enhanced Human-Object Contact Detection via Depth-Aware Perspective Interaction and Object Texture Restoration.md	https://arxiv.org/abs/2412.09920		
ZOTERO_OK	02 Research/Thesis Reading List — Self-Adaptors & Discourse-Planning Difficulty/Predicting Cognitive Load from Speech and Interaction Dynamics in Dyadic Conversations.md	https://arxiv.org/abs/2606.12971		
ZOTERO_OK	02 Research/Thesis Reading List — Self-Adaptors & Discourse-Planning Difficulty/Predicting States of Understanding in Explanatory Interactions Using Cognitive Load-Related Linguistic Cues.md	https://arxiv.org/abs/2603.20079		
ZOTERO_OK	02 Research/Thesis Reading List — Self-Adaptors & Discourse-Planning Difficulty/PressureVision++ Estimating Fingertip Pressure from Diverse RGB Images.md	https://arxiv.org/abs/2301.02310		
ZOTERO_OK	02 Research/Thesis Reading List — Self-Adaptors & Discourse-Planning Difficulty/PromptHMR Promptable Human Mesh Recovery.md	https://arxiv.org/abs/2504.06397		
ZOTERO_OK	02 Research/Thesis Reading List — Self-Adaptors & Discourse-Planning Difficulty/REVELIO — Universal Multimodal Task Load Estimation for Cross-Domain Generalization.md	https://arxiv.org/abs/2509.01642		
ZOTERO_OK	02 Research/Thesis Reading List — Self-Adaptors & Discourse-Planning Difficulty/Real-time and Continuous Turn-taking Prediction Using Voice Activity Projection.md	https://arxiv.org/abs/2401.04868		
ZOTERO_OK	02 Research/Thesis Reading List — Self-Adaptors & Discourse-Planning Difficulty/Rethinking the Evaluation Protocol of Domain Generalization.md	https://scholar.google.com/scholar?q=Rethinking+the+Evaluation+Protocol+of+Domain+Generalization+Yu+CVPR+2024		
ZOTERO_OK	02 Research/Thesis Reading List — Self-Adaptors & Discourse-Planning Difficulty/Revisiting Skeleton-Based Action Recognition (PoseC3D).md	https://arxiv.org/abs/2104.13586		
ZOTERO_OK	02 Research/Thesis Reading List — Self-Adaptors & Discourse-Planning Difficulty/SAM 3D Body Robust Full-Body Human Mesh Recovery.md	https://openaccess.thecvf.com/content/CVPR2026/html/Yang_SAM_3D_Body_Robust_Full-Body_Human_Mesh_Recovery_CVPR_2026_paper.html		
ZOTERO_OK	02 Research/Thesis Reading List — Self-Adaptors & Discourse-Planning Difficulty/SMG A Micro-Gesture Dataset Towards Spontaneous Body Gestures for Emotional Stress State Analysis.md	https://link.springer.com/article/10.1007/s11263-023-01761-6		
ZOTERO_OK	02 Research/Thesis Reading List — Self-Adaptors & Discourse-Planning Difficulty/SMPLer-X Scaling Up Expressive Human Pose and Shape Estimation.md	https://arxiv.org/abs/2309.17448		
ZOTERO_OK	02 Research/Thesis Reading List — Self-Adaptors & Discourse-Planning Difficulty/ScoreHOI Physically Plausible Reconstruction of Human-Object Interaction via Score-Guided Diffusion.md	https://arxiv.org/abs/2509.07920		
ZOTERO_OK	02 Research/Thesis Reading List — Self-Adaptors & Discourse-Planning Difficulty/Seamless Interaction Dyadic Audiovisual Motion Modeling and Large-Scale Dataset.md	https://ai.meta.com/research/publications/seamless-interaction-dyadic-audiovisual-motion-modeling-and-large-scale-dataset/		
ZOTERO_OK	02 Research/Thesis Reading List — Self-Adaptors & Discourse-Planning Difficulty/Self-Touch Contact Durations and Point of Touch of Spontaneous Facial Self-Touches Differ Depending on Cognitive and Emotional Load.md	https://doi.org/10.1371/journal.pone.0213677		
ZOTERO_OK	02 Research/Thesis Reading List — Self-Adaptors & Discourse-Planning Difficulty/SiMHand Mining Similar Hands for Large-Scale 3D Hand Pose Pre-training.md	https://arxiv.org/abs/2502.15251		
ZOTERO_OK	02 Research/Thesis Reading List — Self-Adaptors & Discourse-Planning Difficulty/SimMMDG A Simple and Effective Framework for Multi-modal Domain Generalization.md	https://proceedings.neurips.cc/paper_files/paper/2023/hash/f88bec15cc4cb56b432ee040bb63f94f-Abstract-Conference.html		
ZOTERO_OK	02 Research/Thesis Reading List — Self-Adaptors & Discourse-Planning Difficulty/Single-to-Dual-View Adaptation for Egocentric 3D Hand Pose Estimation.md	https://arxiv.org/abs/2403.04381		
ZOTERO_OK	02 Research/Thesis Reading List — Self-Adaptors & Discourse-Planning Difficulty/SocialGesture Delving into Multi-person Gesture Understanding.md	https://openaccess.thecvf.com/content/CVPR2025/html/Cao_SocialGesture_Delving_into_Multi-person_Gesture_Understanding_CVPR_2025_paper.html		
ZOTERO_OK	02 Research/Thesis Reading List — Self-Adaptors & Discourse-Planning Difficulty/Spatial Temporal Graph Convolutional Networks for Skeleton-Based Action Recognition (ST-GCN).md	https://arxiv.org/abs/1801.07455		
ZOTERO_OK	02 Research/Thesis Reading List — Self-Adaptors & Discourse-Planning Difficulty/StuD A Multimodal Approach for Stuttering Detection with RAG and Fusion Strategies.md	https://aclanthology.org/2025.ijcnlp-long.39/		
ZOTERO_OK	02 Research/Thesis Reading List — Self-Adaptors & Discourse-Planning Difficulty/TSkel-Mamba Temporal Dynamic Modeling via State Space Model for Human Skeleton-Based Action Recognition.md	https://arxiv.org/abs/2512.11503		
ZOTERO_OK	02 Research/Thesis Reading List — Self-Adaptors & Discourse-Planning Difficulty/Talking Turns Benchmarking Audio Foundation Models on Turn-Taking Dynamics.md	https://arxiv.org/abs/2503.01174		
ZOTERO_OK	02 Research/Thesis Reading List — Self-Adaptors & Discourse-Planning Difficulty/Temporal Action Localization with Enhanced Instant Discriminability.md	https://arxiv.org/abs/2309.05590		
ZOTERO_OK	02 Research/Thesis Reading List — Self-Adaptors & Discourse-Planning Difficulty/The Audio-Visual Conversational Graph From an Egocentric-Exocentric Perspective.md	https://arxiv.org/abs/2312.12870		
ZOTERO_OK	02 Research/Thesis Reading List — Self-Adaptors & Discourse-Planning Difficulty/The Dual Functions of Adaptors.md	https://www.mdpi.com/2226-471X/10/9/231		
ZOTERO_OK	02 Research/Thesis Reading List — Self-Adaptors & Discourse-Planning Difficulty/The Impact of Language Models and Loss Functions on Repair Disfluency Detection.md	https://aclanthology.org/P11-1071/		
ZOTERO_OK	02 Research/Thesis Reading List — Self-Adaptors & Discourse-Planning Difficulty/The Role of Self-Adaptors in Lexical Retrieval.md	https://doi.org/10.3390/languages10090209		
ZOTERO_OK	02 Research/Thesis Reading List — Self-Adaptors & Discourse-Planning Difficulty/TriDet Temporal Action Detection with Relative Boundary Modeling.md	https://openaccess.thecvf.com/content/CVPR2023/html/Shi_TriDet_Temporal_Action_Detection_With_Relative_Boundary_Modeling_CVPR_2023_paper.html		
ZOTERO_OK	02 Research/Thesis Reading List — Self-Adaptors & Discourse-Planning Difficulty/Turn-taking in Human Face-to-Face Interaction Is Multimodal Gaze Direction and Manual Gestures Aid the Coordination of Turn Transitions.md	https://doi.org/10.1098/rstb.2021.0473		
ZOTERO_OK	02 Research/Thesis Reading List — Self-Adaptors & Discourse-Planning Difficulty/UV-M3TL A Unified and Versatile Multimodal Multi-Task Learning Framework for Assistive Driving Perception.md	https://arxiv.org/abs/2602.01594		
ZOTERO_OK	02 Research/Thesis Reading List — Self-Adaptors & Discourse-Planning Difficulty/Understanding Co-speech Gestures in-the-wild (JEGAL).md	https://arxiv.org/abs/2503.22668		
ZOTERO_OK	02 Research/Thesis Reading List — Self-Adaptors & Discourse-Planning Difficulty/VideoMAE Masked Autoencoders Are Data-Efficient Learners for Self-Supervised Video Pre-Training.md	https://arxiv.org/abs/2203.12602		
ZOTERO_OK	02 Research/Thesis Reading List — Self-Adaptors & Discourse-Planning Difficulty/Visual Cues Enhance Predictive Turn-Taking for Two-Party Human Interaction.md	https://arxiv.org/abs/2505.21043		
ZOTERO_OK	02 Research/Thesis Reading List — Self-Adaptors & Discourse-Planning Difficulty/Werewolf Among Us Multimodal Resources for Modeling Persuasion Behaviors in Social Deduction Games.md	https://aclanthology.org/2023.findings-acl.411/		
ZOTERO_OK	02 Research/Thesis Reading List — Self-Adaptors & Discourse-Planning Difficulty/WiLoR End-to-end 3D Hand Localization and Reconstruction in-the-wild.md	https://arxiv.org/abs/2409.12259		
ZOTERO_OK	02 Research/Thesis Reading List — Self-Adaptors & Discourse-Planning Difficulty/WristSonic Enabling Fine-grained Hand-Face Interactions on Smartwatches Using Active Acoustic Sensing.md	https://arxiv.org/abs/2411.08217		
ZOTERO_OK	02 Research/Thesis Reading List — Self-Adaptors & Discourse-Planning Difficulty/iFace Hand-Over-Face Gesture Recognition Leveraging Impedance Sensing.md	https://arxiv.org/abs/2403.18433		
ZOTERO_OK	02 Research/Thesis Reading List — Self-Adaptors & Discourse-Planning Difficulty/voc2vec A Foundation Model for Non-Verbal Vocalization.md	https://arxiv.org/abs/2502.16298		
